"Step","rl.grpo_llama.3b_mmwebpro.synqa.91_math.8k_0411_2017 - val/test_score/GSM8k","rl.grpo_llama.3b_mmwebpro.synqa.91_math.8k_0411_2017 - val/test_score/GSM8k__MIN","rl.grpo_llama.3b_mmwebpro.synqa.91_math.8k_0411_2017 - val/test_score/GSM8k__MAX","rl.grpo_llama.3b_analysis_mmwebpro.openr1.91_math.8k_0411_2030 - val/test_score/GSM8k","rl.grpo_llama.3b_analysis_mmwebpro.openr1.91_math.8k_0411_2030 - val/test_score/GSM8k__MIN","rl.grpo_llama.3b_analysis_mmwebpro.openr1.91_math.8k_0411_2030 - val/test_score/GSM8k__MAX"
"0","0","0","0","0.000758150113722517","0.000758150113722517","0.000758150113722517"
"4","0","0","0","0","0","0"
"8","0","0","0","0.000758150113722517","0.000758150113722517","0.000758150113722517"
"12","0","0","0","0","0","0"
"16","0","0","0","0","0","0"
"20","0","0","0","0.000758150113722517","0.000758150113722517","0.000758150113722517"
"24","0","0","0","0.000758150113722517","0.000758150113722517","0.000758150113722517"
"28","0","0","0","0.011372251705837756","0.011372251705837756","0.011372251705837756"
"32","0.000758150113722517","0.000758150113722517","0.000758150113722517","0.0887035633055345","0.0887035633055345","0.0887035633055345"
"36","0.015163002274450341","0.015163002274450341","0.015163002274450341","0.2987111448066717","0.2987111448066717","0.2987111448066717"
"40","0.04473085670962851","0.04473085670962851","0.04473085670962851","0.5140257771038665","0.5140257771038665","0.5140257771038665"
"44","0.08946171341925702","0.08946171341925702","0.08946171341925702","0.6057619408642911","0.6057619408642911","0.6057619408642911"
"48","0.1463229719484458","0.1463229719484458","0.1463229719484458","0.6702047005307051","0.6702047005307051","0.6702047005307051"
"52","0.26156178923426837","0.26156178923426837","0.26156178923426837","0.7020470053070508","0.7020470053070508","0.7020470053070508"
"56","0.378316906747536","0.378316906747536","0.378316906747536","0.7285822592873389","0.7285822592873389","0.7285822592873389"
"60","0.42987111448066717","0.42987111448066717","0.42987111448066717","0.7126611068991661","0.7126611068991661","0.7126611068991661"
"64","0.46853677028051555","0.46853677028051555","0.46853677028051555","0.7293404094010614","0.7293404094010614","0.7293404094010614"
"68","0.5140257771038665","0.5140257771038665","0.5140257771038665","0.7217589082638363","0.7217589082638363","0.7217589082638363"
"72","0.555724033358605","0.555724033358605","0.555724033358605","0.7210007581501138","0.7210007581501138","0.7210007581501138"
"76","0.5648218347232752","0.5648218347232752","0.5648218347232752","0.7255496588324488","0.7255496588324488","0.7255496588324488"
"80","0.5981804397270659","0.5981804397270659","0.5981804397270659","0.7156937073540561","0.7156937073540561","0.7156937073540561"
"84","0.5943896891584534","0.5943896891584534","0.5943896891584534","0.5178165276724791","0.5178165276724791","0.5178165276724791"
"88","0.6034874905231236","0.6034874905231236","0.6034874905231236","0.08642911296436695","0.08642911296436695","0.08642911296436695"
"92","0.6087945413191812","0.6087945413191812","0.6087945413191812","0.05307050796057619","0.05307050796057619","0.05307050796057619"
"96","0.6345716451857468","0.6345716451857468","0.6345716451857468","","",""
"100","0.6376042456406369","0.6376042456406369","0.6376042456406369","","",""
"104","0.6376042456406369","0.6376042456406369","0.6376042456406369","","",""
"108","0.6277482941622441","0.6277482941622441","0.6277482941622441","","",""
"112","0.6277482941622441","0.6277482941622441","0.6277482941622441","","",""
"116","0.6376042456406369","0.6376042456406369","0.6376042456406369","","",""
"120","0.643669446550417","0.643669446550417","0.643669446550417","","",""
"124","0.6360879454131918","0.6360879454131918","0.6360879454131918","","",""
"128","0.6307808946171342","0.6307808946171342","0.6307808946171342","","",""
"132","0.6482183472327521","0.6482183472327521","0.6482183472327521","","",""
"136","0.6391205458680819","0.6391205458680819","0.6391205458680819","","",""
"140","0.640636846095527","0.640636846095527","0.640636846095527","","",""
"144","0.6512509476876421","0.6512509476876421","0.6512509476876421","","",""
"148","0.6618650492797574","0.6618650492797574","0.6618650492797574","","",""
"152","0.6626231993934799","0.6626231993934799","0.6626231993934799","","",""
"156","0.6611068991660348","0.6611068991660348","0.6611068991660348","","",""
"160","0.6702047005307051","0.6702047005307051","0.6702047005307051","","",""
"164","0.6770280515542078","0.6770280515542078","0.6770280515542078","","",""
"168","0.6664139499620925","0.6664139499620925","0.6664139499620925","","",""
"172","0.6679302501895376","0.6679302501895376","0.6679302501895376","","",""
"176","0.6603487490523123","0.6603487490523123","0.6603487490523123","","",""
"180","0.6497346474601972","0.6497346474601972","0.6497346474601972","","",""
"184","0.6482183472327521","0.6482183472327521","0.6482183472327521","","",""
"188","0.6664139499620925","0.6664139499620925","0.6664139499620925","","",""
"192","0.6580742987111448","0.6580742987111448","0.6580742987111448","","",""
"196","0.6633813495072024","0.6633813495072024","0.6633813495072024","","",""
"200","0.66565579984837","0.66565579984837","0.66565579984837","","",""
"204","0.6777862016679302","0.6777862016679302","0.6777862016679302","","",""
"208","0.66565579984837","0.66565579984837","0.66565579984837","","",""
"212","0.6747536012130402","0.6747536012130402","0.6747536012130402","","",""
"216","0.6793025018953753","0.6793025018953753","0.6793025018953753","","",""
"220","0.6618650492797574","0.6618650492797574","0.6618650492797574","","",""
"224","0.66565579984837","0.66565579984837","0.66565579984837","","",""
"228","0.6679302501895376","0.6679302501895376","0.6679302501895376","","",""
"232","0.6694465504169825","0.6694465504169825","0.6694465504169825","","",""
"236","0.6709628506444276","0.6709628506444276","0.6709628506444276","","",""
"240","0.6702047005307051","0.6702047005307051","0.6702047005307051","","",""
"244","0.6853677028051555","0.6853677028051555","0.6853677028051555","","",""
"248","0.6853677028051555","0.6853677028051555","0.6853677028051555","","",""
"252","0.6739954510993177","0.6739954510993177","0.6739954510993177","","",""
"256","0.6603487490523123","0.6603487490523123","0.6603487490523123","","",""